tema,balde,keyword
Abertura de CNPJ Médico,transacional,abrir cnpj médico
Abertura de CNPJ Médico,transacional,abrir pj médico
Abertura de CNPJ Médico,transacional,cnpj médico online
Abertura de CNPJ Médico,transacional,abertura de empresa médica
Abertura de CNPJ Médico,transacional,quanto custa abrir cnpj médico
Migração de Contabilidade Médica,transacional,trocar de contador médico
Migração de Contabilidade Médica,transacional,migrar contabilidade médica
Migração de Contabilidade Médica,transacional,sair do contador atual médico pj
Emissão de Nota Fiscal - Sistema para Médico PJ,transacional,sistema de emissão de nota fiscal médico
Emissão de Nota Fiscal - Sistema para Médico PJ,transacional,emitir nota fiscal automática plantão
Emissão de Nota Fiscal - Sistema para Médico PJ,transacional,app para emitir nota fiscal médico
Reforma Tributária para Médico PJ,comparativo,reforma tributária médico pj
Reforma Tributária para Médico PJ,comparativo,como fica o imposto de médico com a reforma tributária
Reforma Tributária para Médico PJ,comparativo,simples nacional médico reforma tributária
Contabilidade Especializada em Plantão/Cooperativa,comparativo,contabilidade para médico plantonista
Contabilidade Especializada em Plantão/Cooperativa,comparativo,contador que entende cooperativa médica
Contabilidade Especializada em Plantão/Cooperativa,comparativo,contabilidade médico pj cooperativa e rpa
Melhor Contador/Contabilidade para Médico,comparativo,melhor contabilidade para médico
Melhor Contador/Contabilidade para Médico,comparativo,melhor contador para médico pj
Melhor Contador/Contabilidade para Médico,comparativo,contabilidade especializada em médico
Contabilidade ou Contador para Médico (genérico),informacional,contabilidade para médico
Contabilidade ou Contador para Médico (genérico),informacional,contador para médico
Contabilidade ou Contador para Médico (genérico),informacional,contador médico
Dúvidas Básicas sobre CNPJ Médico,informacional,como funciona cnpj para médico
Dúvidas Básicas sobre CNPJ Médico,informacional,vale a pena abrir cnpj médico
Dúvidas Básicas sobre CNPJ Médico,informacional,cnpj médico simples nacional como funciona
Nota Fiscal Médica - dúvidas gerais,informacional,como emitir nota fiscal médica
Nota Fiscal Médica - dúvidas gerais,informacional,emitir nota fiscal plantão
Nota Fiscal Médica - dúvidas gerais,informacional,nota fiscal médico pessoa física
